,model,score_test,accuracy,roc_auc,score_val,pred_time_test,pred_time_val,fit_time,pred_time_test_marginal,pred_time_val_marginal,fit_time_marginal,stack_level,can_infer,fit_order
0,ExtraTreesGini_BAG_L1,0.778138528138528,0.9808917197452229,0.778138528138528,0.3861111111111111,0.04800820350646973,0.04199981689453125,0.26900410652160645,0.04800820350646973,0.04199981689453125,0.26900410652160645,1,True,5
1,RandomForestGini_BAG_L1,0.778138528138528,0.9808917197452229,0.778138528138528,0.3902777777777778,0.0559992790222168,0.04300189018249512,0.2979145050048828,0.0559992790222168,0.04300189018249512,0.2979145050048828,1,True,3
2,ExtraTreesEntr_BAG_L1,0.7727272727272726,0.9808917197452229,0.7727272727272726,0.3861111111111111,0.04901862144470215,0.042999982833862305,0.2880058288574219,0.04901862144470215,0.042999982833862305,0.2880058288574219,1,True,6
3,RandomForestEntr_BAG_L1,0.7716450216450215,0.9808917197452229,0.7716450216450215,0.3847222222222222,0.0460052490234375,0.04200243949890137,0.2668781280517578,0.0460052490234375,0.04200243949890137,0.2668781280517578,1,True,4
4,KNeighborsUnif_BAG_L1,0.4935064935064935,0.9808917197452229,0.4935064935064935,0.4847222222222222,0.01200103759765625,0.06399917602539062,0.01399993896484375,0.01200103759765625,0.06399917602539062,0.01399993896484375,1,True,1
5,WeightedEnsemble_L2,0.4935064935064935,0.9808917197452229,0.4935064935064935,0.4847222222222222,0.013000726699829102,0.06399917602539062,0.09199929237365723,0.0009996891021728516,0.0,0.07799935340881348,2,True,7
6,KNeighborsDist_BAG_L1,0.4935064935064935,0.9808917197452229,0.4935064935064935,0.4847222222222222,0.025998353958129883,0.018000364303588867,0.01699995994567871,0.025998353958129883,0.018000364303588867,0.01699995994567871,1,True,2
